ID,Pred
2025_1101_1111,0.493173618713053
2025_1102_1112,0.48533717092062667
2025_1103_1113,0.4858689412168864
2025_1104_1114,0.5087564225186393
2025_1105_1115,0.4970729214642248
2025_1106_1116,0.5186152485176486
2025_1107_1117,0.5132579790896825
2025_1108_1118,0.48288342888711
2025_1109_1119,0.5110896400297967
2025_1110_1120,0.5112619416579142
