ID,Pred
2025_1101_1111,0.4889350874520339
2025_1102_1112,0.4924323770327514
2025_1103_1113,0.48355105079394595
2025_1104_1114,0.5250892684032887
2025_1105_1115,0.5172137271830654
2025_1106_1116,0.5348327470838171
2025_1107_1117,0.5412099254807244
2025_1108_1118,0.48595727570951297
2025_1109_1119,0.4969003429194915
2025_1110_1120,0.5090213393098024
