ID,Pred
2025_1101_1111,0.5321639497611952
2025_1102_1112,0.5478988264119653
2025_1103_1113,0.49725929206545566
2025_1104_1114,0.5212827664602215
2025_1105_1115,0.47796355519097944
2025_1106_1116,0.5039292328869779
2025_1107_1117,0.5751953906670688
2025_1108_1118,0.5046207260017255
2025_1109_1119,0.5599512221701577
2025_1110_1120,0.44606614753495655
