ID,Pred
2025_1101_1111,0.5321659863403894
2025_1102_1112,0.5478806232849482
2025_1103_1113,0.4972865379377282
2025_1104_1114,0.5212890124994223
2025_1105_1115,0.4779492988735067
2025_1106_1116,0.5039742795028175
2025_1107_1117,0.5751945778059342
2025_1108_1118,0.5046648516771486
2025_1109_1119,0.5599511966495262
2025_1110_1120,0.44604401207325495
