ID,Pred
2025_1101_1111,0.49638878424801774
2025_1102_1112,0.535773782729724
2025_1103_1113,0.46950320395070777
2025_1104_1114,0.5102892519170881
2025_1105_1115,0.4977784042164124
2025_1106_1116,0.5242890515624937
2025_1107_1117,0.5643662739227622
2025_1108_1118,0.4871691259588419
2025_1109_1119,0.5077677581612012
2025_1110_1120,0.4800258988934467
