ID,Pred
2025_1101_1111,0.5002830478684357
2025_1102_1112,0.4816678439276248
2025_1103_1113,0.4774856417099064
2025_1104_1114,0.513882343377664
2025_1105_1115,0.49001519051129644
2025_1106_1116,0.5069782426868599
2025_1107_1117,0.5165742692960216
2025_1108_1118,0.48447585573914675
2025_1109_1119,0.5044116073815397
2025_1110_1120,0.5015467850255149
