ID,Pred
2025_1101_1111,0.500238364200164
2025_1102_1112,0.4817678042890061
2025_1103_1113,0.47747361712144537
2025_1104_1114,0.5137694060481756
2025_1105_1115,0.49033501912146804
2025_1106_1116,0.5071471733855292
2025_1107_1117,0.5165843379009968
2025_1108_1118,0.4844853668474023
2025_1109_1119,0.5043308395468848
2025_1110_1120,0.5018580570571192
