ID,Pred
2025_1101_1111,0.4889524727420111
2025_1102_1112,0.4924656151939337
2025_1103_1113,0.4835437624492237
2025_1104_1114,0.5250829420288374
2025_1105_1115,0.5172050886334306
2025_1106_1116,0.5348046026338996
2025_1107_1117,0.541228062377927
2025_1108_1118,0.4859462331348888
2025_1109_1119,0.49692000521990415
2025_1110_1120,0.5090027742177798
