ID,Pred
2025_1101_1111,0.49637261699222535
2025_1102_1112,0.5357557076860685
2025_1103_1113,0.4695077711497782
2025_1104_1114,0.510288030613271
2025_1105_1115,0.497778606591271
2025_1106_1116,0.5243290561873857
2025_1107_1117,0.5643604272179955
2025_1108_1118,0.48718999416051584
2025_1109_1119,0.5077421783330651
2025_1110_1120,0.48002777758770887
