ID,Pred
2025_1101_1111,0.4961488641951865
2025_1102_1112,0.48810515749143063
2025_1103_1113,0.47674669630221017
2025_1104_1114,0.5042414212979277
2025_1105_1115,0.5148854157935522
2025_1106_1116,0.5200017543019405
2025_1107_1117,0.5150811207404651
2025_1108_1118,0.4857009890402355
2025_1109_1119,0.49817021555926794
2025_1110_1120,0.5268052292519014
