ID,Pred
2025_1101_1111,0.4961343743208189
2025_1102_1112,0.48808294794160173
2025_1103_1113,0.4767509823787227
2025_1104_1114,0.5042214983007003
2025_1105_1115,0.5148949122446217
2025_1106_1116,0.5200054770129043
2025_1107_1117,0.5150378720472725
2025_1108_1118,0.485710287950646
2025_1109_1119,0.49816946460302464
2025_1110_1120,0.5268347585991251
