ID,Pred
2025_1101_1111,0.49322797689361625
2025_1102_1112,0.48539443301731916
2025_1103_1113,0.485733043019657
2025_1104_1114,0.508706056874912
2025_1105_1115,0.4973245887387763
2025_1106_1116,0.5186325512534407
2025_1107_1117,0.5133176315609633
2025_1108_1118,0.482917261331647
2025_1109_1119,0.5109024017370838
2025_1110_1120,0.5114652661023049
