iter	RMSE
0	9.112608918
1	9.009865235
2	8.941666379
3	8.895543821
4	8.864944842
5	8.844781622
6	8.831122561
7	8.822444443
8	8.816154125
9	8.812219161
10	8.80969124
11	8.807692273
12	8.806319154
13	8.805298769
14	8.804679517
15	8.804155197
16	8.803659339
17	8.803309095
18	8.803034826
19	8.802861871
